id,run_id,name,vertical,town,postcode,address,website,domain,phone,google_place_id,rating,review_count,director_name,companies_house_number,is_group_owned,is_chain,chain_reason,priority,priority_score,created_at,top_pain_review
813,32,CG Electrical (Cliff Gouveia),electricians,"Barking, East London",IG11 0LY,"34 Glenmore Way, Barking IG11 0LY",http://www.cg-electrical.co.uk/,cg-electrical.co.uk,07957 934710,ChIJ1xFSy2yl2EcRyBVaYi8aTJM,5.0,30,"APPLEYARD, Craig",16240112,0,0,,,,2026-08-21T14:22:46.813339+00:00,
814,32,Veltrix Electrics,electricians,"Barking, East London",IG11 9TS,"74 Wilmington Gardens, Barking IG11 9TS",https://www.veltrixelectrics.co.uk/,veltrixelectrics.co.uk,07514 006000,ChIJozcj1fxGfGMRGo2Pz0OBtH8,5.0,11,"GUL, Sidra",16335738,0,0,,,,2026-08-21T14:22:47.339896+00:00,
815,32,Star Power Plus,electricians,"Barking, East London",IG11 7XQ,"Gordon Rd, Barking IG11 7XQ",http://www.starpowerplus.co.uk/,starpowerplus.co.uk,07517 220613,ChIJL5HTELan2EcRKdrE1p4pWLk,4.9,43,"RUSSEL, Shamsul Matin",09379106,0,0,,,,2026-08-21T14:22:47.820690+00:00,
816,32,Barking Electrical Services Ltd,electricians,"Barking, East London",IG11 8SF,"92A Longbridge Rd, Barking IG11 8SF",,,07361 591483,ChIJ4xRAA--n2EcRSDd5eLWk3Uw,4.2,5,"SHEVKET, Aytan",07989377,0,0,,,,2026-08-21T14:22:48.364469+00:00,
817,32,Moonlight Maintenance Limited,electricians,"Barking, East London",IG11 9LR,"108 Upney Ln, Barking IG11 9LR",http://www.moonlightmaintenance.co.uk/,moonlightmaintenance.co.uk,07565 582570,ChIJf7EgsEWl2EcR4scq84vy2Go,4.9,19,"SHAFQAT, Arsalan",12234679,0,0,,,,2026-08-21T14:22:48.819835+00:00,
818,32,Ideal Electricians Ltd,electricians,"Barking, East London",RM9 4SJ,"9 Woodward Rd, Dagenham RM9 4SJ",https://www.idealelectricians.co.uk/,idealelectricians.co.uk,07502 396654,ChIJu5SRVLyl2EcRv6CoPmqCROE,4.9,173,"CHOWDHURY, Mizanur Rahman",15445571,0,0,,,,2026-08-21T14:22:49.268978+00:00,
819,32,R22,electricians,"Barking, East London",IG11 7EF,"64 Wheelers Cross, Barking IG11 7EF",https://r22company.com/,r22company.com,020 4578 9718,ChIJnxNoYMV2vGoRA9fMtSFmNVk,5.0,14,"CULLEN, Ross",15326112,0,0,,,,2026-08-21T14:22:49.726119+00:00,
820,32,Fusion4power electrician,electricians,"Barking, East London",IG11 7QF,"55 Sunningdale Ave, London, Barking IG11 7QF",,,07460 341308,ChIJr3eHWVyn2EcR6-zCJa4wC9Y,5.0,1,"JATA, Armand",16445881,0,1,same Companies House company number seen at 3 discovered locations,,,2026-08-21T14:22:50.162019+00:00,
821,32,Thames Electrical (TGHE),electricians,"Barking, East London",IG11 7RP,"310 Ripple Rd, Barking IG11 7RP",https://www.tghe.co.uk/,tghe.co.uk,07710 670720,ChIJjXoOjNmn2EcRTjUt3YP8cn4,5.0,1,,,0,0,,,,2026-08-21T14:22:50.393300+00:00,
822,32,BB Electrical Services,electricians,"Barking, East London",E6 1LB,"263A Barking Rd, London E6 1LB",,,020 3871 8683,ChIJk1zdQF6n2EcRz9sOpe1N-4E,5.0,9,"BOSWELL, Bradley",10726520,0,0,,,,2026-08-21T14:22:50.889519+00:00,
823,32,Barking and Dagenham Electrical Co.,electricians,"Barking, East London",IG11 8JH,"20 Whiting Ave, Barking IG11 8JH",,,020 3670 7924,ChIJiZWQTGqm2EcRJMFXkzk6Aqc,,,"HALL, David John",03038503,0,0,,,,2026-08-21T14:22:51.418812+00:00,
824,32,Barking Electrical Services and EICR,electricians,"Barking, East London",IG11 0RB,"28 Wivenhoe Rd, Barking IG11 0RB",,,0800 411 8087,ChIJyTDvF-yl2EcRP1n2qZQ_CFM,5.0,7,"WEBSTER, Victoria Louise",15478469,0,0,,,,2026-08-21T14:22:51.972964+00:00,
825,32,GB Stars Electrical,electricians,"Barking, East London",IG11 8RT,"52 Longbridge Rd, Barking IG11 8RT",https://gbstarservices.com/,gbstarservices.com,07305 295837,ChIJTeK6hUWn2EcR78AzJT6pVLA,5.0,1,"MAJUMDER, Pravangshu Kumar",12496208,0,0,,,,2026-08-21T14:22:52.430804+00:00,
826,32,Kwikstart LTD,electricians,"Barking, East London",IG11 0TJ,"28 Alfreds Way, Barking IG11 0TJ",http://www.kwikstart-london.co.uk/,kwikstart-london.co.uk,020 8519 1920,ChIJxXcGmQmm2EcRDMeM3SHrYaQ,4.7,238,"MUDHAR, Amrik Singh",08921311,0,0,,,,2026-08-21T14:22:52.855103+00:00,
827,32,TRIDENT FIRE AND ELECTRICAL SERVICES LTD,electricians,"Barking, East London",IG11 9UU,"83 Hurstbourne Gardens, Barking IG11 9UU",,,07412 378982,ChIJQ-DonPml2EcRmgngSqPSyFI,5.0,5,"JOSEPH, Nathan",07553489,0,0,,,,2026-08-21T14:22:53.404965+00:00,
828,32,Endwell Electrical Services Ltd,electricians,"Barking, East London",IG11 8BB,"Jhumat House, 160 London Rd, Barking IG11 8BB",,,07554 499122,ChIJAQCzHECm2EcRqti0TgQm-jA,,,"WALKER, Simon",09933990,0,0,,,,2026-08-21T14:22:53.907216+00:00,
829,32,Brownings Electric Co Ltd,electricians,"Barking, East London",IG11 0HG,"11 Thames Rd, Barking IG11 0HG",http://browningselectric.co.uk/,browningselectric.co.uk,020 8591 3030,ChIJQ0TtVPul2EcRp32k1eBf4Ug,4.8,16,"DAMNEY, Sudash Lal",00362699,1,1,Companies House PSC shows corporate-entity ownership (company 00362699),,,2026-08-21T14:22:54.534883+00:00,
830,32,ELECTRIC AND FIRE LTD,electricians,"Barking, East London",E12 5AN,"773A Romford Rd, London E12 5AN",,,07809 618061,ChIJ7di9PU27l2AR8dbcO5BUFSc,5.0,27,"DOGAR, Basit Ali",12949892,0,0,,,,2026-08-21T14:22:55.086650+00:00,
831,32,Clark Electrical Industries Ltd,electricians,"Barking, East London",IG11 9TA,"1A Cecil Ave, Barking IG11 9TA",https://www.ceiltd.co.uk/,ceiltd.co.uk,020 7474 7404,ChIJ4SWuS22n2EcRbY6L2bhEYBo,,,"BURNS, David",01547876,0,0,,,,2026-08-21T14:22:55.570043+00:00,
832,32,"GET Electrical & Plumbing (Lighting, Cable, DIY, Tools)",electricians,"Barking, East London",E6 2JX,"453b Barking Rd, London E6 2JX",http://www.getelectricalplumbing.uk/,getelectricalplumbing.uk,020 3793 1207,ChIJQxDU_dqn2EcRL8I1dmCoKd8,4.0,23,,,0,0,,,,2026-08-21T14:22:55.839227+00:00,
833,32,Lough Electricians East Ham,electricians,"Barking, East London",E6 1NP,"3, 33 Campbell Rd, London E6 1NP",,,020 3670 7961,ChIJm9YTwK2n2EcRRomnr-2zgzk,5.0,2,"HOSSAIN, Md Aslam",16036353,0,1,same Companies House company number seen at 13 discovered locations,,,2026-08-21T14:22:56.312693+00:00,
834,32,Royale Installation Group Ltd,electricians,"Barking, East London",IG11 8TN,"27 Longbridge Rd, Barking IG11 8TN",https://royaleinstallation.co.uk/,royaleinstallation.co.uk,07482 903020,ChIJCdOfDnKm2EcRTTPZrRngqM0,3.8,13,"COOPER, Denise Iona",17334737,0,0,,,,2026-08-21T14:22:56.797434+00:00,
835,32,Edmundson Electrical,electricians,"Barking, East London",IG11 0AW,"Unit 3, Barking IG11 0AW",https://www.edmundson-electrical.co.uk/,edmundson-electrical.co.uk,020 8594 7121,ChIJbSJjreal2EcR419OEF19__0,3.8,9,"ARMSTRONG, Benjamin James",02667012,1,1,Companies House PSC shows corporate-entity ownership (company 02667012),,,2026-08-21T14:22:57.312429+00:00,
836,32,Electrical Testing & Surveys Ltd,electricians,"Barking, East London",,,https://electricaltesting-london.co.uk/,electricaltesting-london.co.uk,,,,,"EATON, Martin",03331678,0,0,,,,2026-08-21T14:25:58.983990+00:00,
837,32,Electrician in Barking,electricians,"Barking, East London",,,https://barking-electricians.co.uk/,barking-electricians.co.uk,,,,,"DUNKLEY, Christopher",00983284,0,1,"same Companies House company number seen at 2 discovered locations; business name ('Electrician in Barking') is nothing but trade terms plus the searched town ('Barking, East London') — no brand/founder name at all, rank-and-rent search-phrase pattern rather than a real trading name",,,2026-08-21T14:25:59.522154+00:00,
838,32,Contact Us,electricians,"Barking, East London",,,https://www.ig11electricianbarking.co.uk/contact-us/,ig11electricianbarking.co.uk,020 3670 3566,,,,,,0,0,,,,2026-08-21T14:25:59.748283+00:00,
839,32,Electrician in Barking,electricians,"Barking, East London",,,https://www.maxelectrician.co.uk/barking,maxelectrician.co.uk,,,,,"DUNKLEY, Christopher",00983284,0,1,"same Companies House company number seen at 2 discovered locations; business name ('Electrician in Barking') is nothing but trade terms plus the searched town ('Barking, East London') — no brand/founder name at all, rank-and-rent search-phrase pattern rather than a real trading name",,,2026-08-21T14:26:00.628467+00:00,
840,32,Electrician Fix: Electricians in Barking,electricians,"Barking, East London",,,https://electricianfix.co.uk/,electricianfix.co.uk,,,,,"GARLAND, Joanne Mary",05090989,0,1,same Companies House company number seen at 4 discovered locations,,,2026-08-21T14:26:01.618112+00:00,
841,32,"Experienced Electricians in Barking, Essex & London",electricians,"Barking, East London",,,https://starpowerplusltd.co.uk/,starpowerplusltd.co.uk,,,,,,,0,0,,,,2026-08-21T14:26:02.314251+00:00,
842,32,East End Electric: Home,electricians,"Barking, East London",,,https://www.eastendelectriclondon.co.uk/,eastendelectriclondon.co.uk,,,,,,,0,0,,,,2026-08-21T14:26:03.538307+00:00,
843,32,Electrician Barking,electricians,"Barking, East London",,,https://con-fused.co.uk/locations/electrician-barking/,con-fused.co.uk,,,,,"MIHUT, Cristina Anisoara",17081354,0,1,"URL path matches a 'service area' landing-page pattern; business name ('Electrician Barking') is nothing but trade terms plus the searched town ('Barking, East London') — no brand/founder name at all, rank-and-rent search-phrase pattern rather than a real trading name",,,2026-08-21T14:26:04.409352+00:00,
844,32,Electricians & Electrical Contractors East London,electricians,"Barking, East London",,,https://www.020.co.uk/e/electricians-and-electrical-contractors/east-london/london.shtml,020.co.uk,,,,,,,0,1,"business name ('Electricians & Electrical Contractors East London') is nothing but trade terms plus the searched town ('Barking, East London') — no brand/founder name at all, rank-and-rent search-phrase pattern rather than a real trading name",,,2026-08-21T14:26:05.002070+00:00,
845,32,"Electricians in Barking and Dagenham, London",electricians,"Barking, East London",,,https://londonbased.co.uk/category/electricians/barking-and-dagenham,londonbased.co.uk,,,,,,,0,0,,,,2026-08-21T14:26:05.841111+00:00,
846,32,Local Emergency Electricians Barking,electricians,"Barking, East London",,,https://www.electriciansbarking.co.uk/,electriciansbarking.co.uk,,,,,"SHAFIQUE, Zeeshan",17183608,0,1,"same Companies House company number seen at 3 discovered locations; business name ('Local Emergency Electricians Barking') is nothing but trade terms plus the searched town ('Barking, East London') — no brand/founder name at all, rank-and-rent search-phrase pattern rather than a real trading name",,,2026-08-21T14:26:06.357381+00:00,
