id,run_id,name,vertical,town,postcode,address,website,domain,phone,google_place_id,rating,review_count,director_name,companies_house_number,is_group_owned,fb_ads_active,fb_ads_creative_count,fb_ads_earliest_seen,google_ads_active,google_ads_creative_count,google_ads_days_active,google_ads_advertiser_name,priority,priority_score,created_at,top_pain_review
16,2,Harley Street Dental Clinic (HSDC London),Cosmetic dentistry / implant clinics,,,"139 Harley St, London, W1G 6BG",https://www.harleystreetdentalclinic.co.uk/?utm_source=GBP&utm_medium=web-site,harleystreetdentalclinic.co.uk,020 7486 1059,ChIJEcAlQtEadkgRdNR0-DW2MJI,4.6,263,"QURESHI, Awais, Dr",14145621,0,1,1,,,,,,B,70,2026-08-09T10:14:39.210152+00:00,"I had a very disappointing and stressful experience with Pro Dental.

I had composite bonding done around two years ago. After the treatment, there was no aftercare advice or follow-up offered, which ..."
78,2,Whites Dental Marble Arch (W2),Cosmetic dentistry / implant clinics,,,"52B Kendal St, St George's Fields, London, W2 2BP",https://www.whitesdental.co.uk/marble-arch-w2/?utm_source=google&utm_medium=maps,whitesdental.co.uk,020 3576 2325,ChIJPQlIkGcbdkgR7tY7woWpQ20,4.9,158,"AL SAIDI, Khilood",06375656,0,1,3,1758006000,,,,,B,67,2026-08-09T10:14:39.213471+00:00,"Incompetent and unprofessional business. Booked an appointment with them then the next day they texted me saying when do I want to book an appointment.

I replied that we had just booked yesterday and..."
4,2,London Dental Implant,Cosmetic dentistry / implant clinics,,,"158, 160 Battersea Park Rd, London, SW11 4ND",http://www.london-dental-implant.co.uk/,london-dental-implant.co.uk,020 7450 2920,ChIJO4TPbgoFdkgRs-iyy0msbT4,4.9,233,"SHEIKH, Azhar Ullah",04525877,0,1,50,1713337200,,,,,B,45,2026-08-09T10:14:39.208288+00:00,
6,2,Marylebone Implant Centre,Cosmetic dentistry / implant clinics,,,"28 Devonshire Pl, London, W1G 6JG",https://maryleboneimplantcentre.co.uk/?utm_source=gmb&utm_medium=organic,maryleboneimplantcentre.co.uk,020 3434 2934,ChIJV7RBrtEadkgR7Mb-j2I_NVw,4.9,204,"SANTOS, Francisco, Dr",07855066,0,1,1,,,,,,B,45,2026-08-09T10:14:39.209469+00:00,
7,2,The Cosmetic Dental Gallery,Cosmetic dentistry / implant clinics,,,"260 Creek Rd, London, SE10 9SW",https://thecosmeticdentalgallery.co.uk/our-practices/greenwich/,thecosmeticdentalgallery.co.uk,020 3883 8180,ChIJCfaqWaADdkgRYJwJqiX0Hcs,5.0,457,"MATHARU, Hartej Singh, Dr",12027945,0,1,50,1589353200,,,,,B,45,2026-08-09T10:14:39.209517+00:00,
9,2,Wimpole Street Dental Clinic,Cosmetic dentistry / implant clinics,,,"38 Queen Anne St, Greater, London, W1G 8HZ",https://wimpolestreetdental.clinic/,wimpolestreetdental.clinic,020 3769 9697,ChIJg4rrxNMadkgRGiZyaQehmWs,4.9,336,"MEHL, Christian Johannes, Dr",12289374,0,1,38,1752476400,,,,,B,45,2026-08-09T10:14:39.209637+00:00,
10,2,Marylebone Smile Clinic,Cosmetic dentistry / implant clinics,,,"66 Harley St, London, W1G 7HD",https://marylebonesmileclinic.co.uk/,marylebonesmileclinic.co.uk,020 7126 8526,ChIJsy8GcPobdkgRfO-_3OEPXEs,5.0,212,"ABRAHAMS, Andrew",09578116,0,1,50,1728370800,,,,,B,45,2026-08-09T10:14:39.209698+00:00,
12,2,Dental Art Implant Clinic - East Finchley,Cosmetic dentistry / implant clinics,,,"91 High Rd, London, N2 8AG",https://www.dentalartimplantclinic.co.uk/,dentalartimplantclinic.co.uk,020 3322 3218,ChIJTQVdgiIadkgRbJrlQDmR3Es,4.6,200,"ANDRIJEVSKIS, Sergejs",08459947,0,1,1,1780038000,,,,,B,45,2026-08-09T10:14:39.209940+00:00,
13,2,Harley Street Dental Art Clinic,Cosmetic dentistry / implant clinics,,,"77 Harley St, London, W1G 8QN",http://harleystreetdentalartclinic.com/,harleystreetdentalartclinic.com,07399 002616,ChIJU_MicUQbdkgRfQD6nqF94MY,4.9,337,"QURESHI, Awais, Dr",14145621,0,1,50,1760338800,,,,,B,45,2026-08-09T10:14:39.209991+00:00,
19,2,The Cosmetic Dental Gallery Battersea,Cosmetic dentistry / implant clinics,,,"20 Patcham Terrace, Nine Elms, London, SW8 4EY",https://thecosmeticdentalgallery.co.uk/our-practices/battersea/,thecosmeticdentalgallery.co.uk,020 8090 3959,ChIJuczdo00FdkgRUPloJZiQVbs,5.0,236,"MATHARU, Baldeep Singh",13386440,0,1,11,1682924400,,,,,B,45,2026-08-09T10:14:39.210284+00:00,
20,2,Covent Garden Dental Spa,Cosmetic dentistry / implant clinics,,,"15 Grape St, London, WC2H 8DR",https://www.coventgardendentalspa.co.uk/,coventgardendentalspa.co.uk,020 7836 9107,ChIJKbJv1cwEdkgRTg6qtiOYStw,5.0,283,"CHIGWEDERE, Nyarai Flora",09291370,0,1,50,1756450800,,,,,B,45,2026-08-09T10:14:39.210333+00:00,
23,2,Harley Street Dental Studio,Cosmetic dentistry / implant clinics,,,"52 Harley St, London, W1G 9PY",https://www.harleystreetdentalstudio.com/,harleystreetdentalstudio.com,020 7636 5981,ChIJ-fgcddQadkgRqitbYN6VqD8,4.7,766,,OC380915,0,1,50,1752476400,,,,,B,45,2026-08-09T10:14:39.210460+00:00,
24,2,Dental Atelier London,Cosmetic dentistry / implant clinics,,,"1 New Crane Pl, London, E1W 3TS",https://www.dentalatelier.london/,dentalatelier.london,07587 888600,ChIJWyI0UVgDdkgRnY_Tu77cf8w,4.8,434,"GHOLAMIFARD, Daria, Dr",16771816,0,1,21,1782457200,,,,,B,45,2026-08-09T10:14:39.210512+00:00,
25,2,DRMR Clinic,Cosmetic dentistry / implant clinics,,,"Floor 1, 251 Brompton Rd, London, SW3 2EP",https://www.drmrlondon.co.uk/,drmrlondon.co.uk,07770 117000,ChIJuegqVp0FdkgRO6kzbtFE9xQ,5.0,326,,LP015149,0,1,34,1754290800,,,,,B,45,2026-08-09T10:14:39.210549+00:00,
26,2,Yorkshire Dental Suite London,Cosmetic dentistry / implant clinics,,,"82 Chelsea Manor St, London, SW3 5QJ",https://www.yorkshiredentalsuite.co.uk/practice/london/?utm_source=google&utm_medium=organic&utm_term=GMB,yorkshiredentalsuite.co.uk,020 4624 0223,ChIJbcDrCk4FdkgRqdGuM6aPJMo,5.0,464,"DALGHOUS, Abdulbaset Mahmoud, Dr",07183270,0,1,50,1753081200,,,,,B,45,2026-08-09T10:14:39.210592+00:00,
27,2,Pro Dental Clinic,Cosmetic dentistry / implant clinics,,,"117 Harley St, London, W1G 6AS",https://prodentalclinic.london/,prodentalclinic.london,020 3026 4402,ChIJtxPxFdEadkgRb-FaQUJsoRI,4.7,551,"GIDDENS, Lauren Jane",14021859,0,1,50,1748156400,,,,,B,45,2026-08-09T10:14:39.210685+00:00,
30,2,Vital Europe Dental Clinic,Cosmetic dentistry / implant clinics,,,"33 Riding House St, London, W1W 7DZ",https://www.vitaleurope.co.uk/,vitaleurope.co.uk,020 3432 5957,ChIJVR8_GC0bdkgRsj71Wh4BvUQ,4.7,432,"AHMED, Sofina, Dr",10239069,0,1,25,1759474800,,,,,B,45,2026-08-09T10:14:39.210797+00:00,
32,2,Notting Hill Dental Clinic & Dental Implant Centre,Cosmetic dentistry / implant clinics,,,"45 Hereford Rd, London, W2 5AH",https://www.nottinghilldentalclinic.com//?utm_source=google&utm_medium=local&utm_campaign=1&utm_content=primary,nottinghilldentalclinic.com,020 7229 9102,ChIJCUAvAwIQdkgRZ-2bPbWgb3A,4.7,279,"WILLIAMS, Kevin",07270824,0,1,9,1779087600,,,,,B,45,2026-08-09T10:14:39.210867+00:00,
34,2,London City Smiles,Cosmetic dentistry / implant clinics,,,"19-21 Islington High St, London, N1 9LQ",https://www.londoncitysmiles.com/,londoncitysmiles.com,020 7837 2300,ChIJHZyKOUMbdkgR4qkddnF2v-0,4.8,1409,"VEKARIA, Balwant Kurji",08538906,0,1,50,1590130800,,,,,B,45,2026-08-09T10:14:39.210992+00:00,
35,2,Smile Cliniq - St Johns Wood Dentist,Cosmetic dentistry / implant clinics,,,"102 Boundary Rd, London, NW8 0RH",https://www.smilecliniq.com/locations/st-johns-wood-dentist/?utm_source=google&utm_medium=organic&utm_campaign=gmb-website&utm_content=website_button,smilecliniq.com,020 7328 1200,ChIJjYDACZ8adkgRRFRgen4RXPc,4.6,466,"KAHER, Chetan, Dr",08279068,0,1,1,,,,,,B,45,2026-08-09T10:14:39.211086+00:00,
36,2,Elgin Dental Care and Implant Clinic,Cosmetic dentistry / implant clinics,,,"284 Elgin Ave., London, W9 1JR",https://www.elgindentalcare.co.uk/,elgindentalcare.co.uk,020 7286 1830,ChIJoyS9O6cadkgR7p-wwBXKIIs,4.9,243,"FARMER, Pauline",SC341789,0,1,50,1736928000,,,,,B,45,2026-08-09T10:14:39.211148+00:00,
37,2,London Dental Studio,Cosmetic dentistry / implant clinics,,,"27-29 Warwick Wy, Pimlico, London, SW1V 1QT",https://www.londondentalstudio.co.uk/?utm_source=gbm,londondentalstudio.co.uk,020 7630 0782,ChIJ8Sd-O-AEdkgRZKg2oBxpySY,4.6,545,"MACHO VEGA, Laura",12153666,0,1,50,1725606000,,,,,B,45,2026-08-09T10:14:39.211200+00:00,
39,2,CAP City Dental,Cosmetic dentistry / implant clinics,,,"First Floor, 14 Austin Friars, London, EC2N 2HE",https://www.capcitydental.co.uk/,capcitydental.co.uk,020 7621 0600,ChIJKfurcVQDdkgRysBgeAEhaV4,4.9,231,"SARTORE, Alfredo",SC700255,0,1,50,1754031600,,,,,B,45,2026-08-09T10:14:39.211306+00:00,
40,2,Mint Dental Clinic,Cosmetic dentistry / implant clinics,,,"3, St Georges Court, Garden Row, Elephant and Castle, London SE1 6HD",http://www.mintdentalclinic.co.uk/,mintdentalclinic.co.uk,020 7928 4474,ChIJ50zt2aIEdkgRj1I1JMrJnjs,4.8,618,"PATEL, Raj Jayesh",09874961,0,1,50,1751439600,,,,,B,45,2026-08-09T10:14:39.211361+00:00,
43,2,Dental Smiles London | Euston Practice,Cosmetic dentistry / implant clinics,,,"30-32 Chalton St, London, NW1 1JB",https://www.dentalsmileslondon.co.uk/find-us/euston,dentalsmileslondon.co.uk,020 3757 5272,ChIJy3QEtiQbdkgRYw6oHQUMnBo,4.8,886,"DEVED, Ashish, Dr",08323186,0,1,1,,,,,,B,45,2026-08-09T10:14:39.211513+00:00,
47,2,Thurloe Street Dental South Kensington,Cosmetic dentistry / implant clinics,,,"10 Thurloe St, South Kensington, London, SW7 2ST",http://www.londonsmiles.com/?utm_source=gbp,londonsmiles.com,020 7584 5551,ChIJo7GWfEIFdkgROPkhihvOc6w,5.0,536,"TONNER, Barrie A",SC375348,0,1,1,,,,,,B,45,2026-08-09T10:14:39.211775+00:00,
48,2,Twoth Dental + Facial Aesthetics,Cosmetic dentistry / implant clinics,,,"74 St John's Wood High St, London, NW8 7SH",https://twoth.com/,twoth.com,020 4542 0155,ChIJh18ilCAbdkgR1g2MhEOg9wI,4.9,300,"HOWORKO, Ryan",08958229,0,1,30,1752735600,,,,,B,45,2026-08-09T10:14:39.211844+00:00,
51,2,Sonria Dental Clinic,Cosmetic dentistry / implant clinics,,,"25 Devonshire Pl, London, W1G 6JD",https://www.sonriadentalclinic.co.uk/,sonriadentalclinic.co.uk,020 7224 1402,ChIJneaprdEadkgRq4R8LLJmgTk,4.9,411,"PACKHAM, Leyla Janessa",08565344,0,1,3,1749366000,,,,,B,45,2026-08-09T10:14:39.212009+00:00,
54,2,Maida Smiles Dental Clinic,Cosmetic dentistry / implant clinics,,,"207-209 Sutherland Ave, London, W9 1RU",https://maidasmiles.co.uk/?utm_source=GMB&utm_medium=GMB&utm_campaign=GMB,maidasmiles.co.uk,020 4634 4503,ChIJmVuarzUbdkgRoUGwfIEU0rg,4.8,439,"MCHENRY, Shauna Marie",NI730436,0,1,5,1761894000,,,,,B,45,2026-08-09T10:14:39.212165+00:00,
59,2,Premium Clinic,Cosmetic dentistry / implant clinics,,,"50-54 Wigmore St, London, W1U 2AU",https://www.premiumclinic.co.uk/,premiumclinic.co.uk,020 3287 6614,ChIJbwE21a8bdkgRCG8ctPwmygs,4.9,215,"TRITEAN, Dumitru, Dr",11223409,0,1,50,1737964800,,,,,B,45,2026-08-09T10:14:39.212430+00:00,
60,2,UK Smile,Cosmetic dentistry / implant clinics,,,"81 Buckingham Gate, London, SW1E 6PE",http://www.uksmile.com/,uksmile.com,020 7788 8495,ChIJDf0-FLQadkgRAuKmDq3qZ8k,5.0,206,"AL-KILLIDAR, Athyr Adnan, Dr",06337370,0,1,50,1725865200,,,,,B,45,2026-08-09T10:14:39.212478+00:00,
61,2,The Dental Centre London,Cosmetic dentistry / implant clinics,,,"139 Euston Rd., London, NW1 2AA",https://www.thedentalcentrelondon.com/?utm_source=gmb&utm_medium=organic,thedentalcentrelondon.com,020 7380 0034,ChIJN5O-9yUbdkgRwEUpKlrbrOg,4.7,346,"JONES, Chandra Kala, Dr",07370168,0,1,51,1743404400,,,,,B,45,2026-08-09T10:14:39.212529+00:00,
62,2,Forest & Ray,Cosmetic dentistry / implant clinics,,,"Bloomsbury, 8F Gilbert Pl, London, WC1A 2JD",https://forestray.dentist/?utm_source=gbp&utm_medium=web,forestray.dentist,020 8124 6138,ChIJKXHharMadkgRESpym5jyoog,4.6,283,"KASITERIDIS, Nikolaos, Dr",06076140,0,1,51,1703491200,,,,,B,45,2026-08-09T10:14:39.212596+00:00,
66,2,Serene Dental,Cosmetic dentistry / implant clinics,,,"56 Knightsbridge, London, SW1X 7JN",https://www.serenedental.co.uk/?utm_source=local&utm_medium=organic&utm_content=gmb,serenedental.co.uk,020 7112 4919,ChIJCcI7xo8FdkgR56YMQmn91eY,5.0,216,"KAUR, Navpreet",15782322,0,1,50,1752476400,,,,,B,45,2026-08-09T10:14:39.212855+00:00,
67,2,Dental Artistry,Cosmetic dentistry / implant clinics,,,"6-8 High St, London, N8 7PD",http://dentalartistry.co.uk/,dentalartistry.co.uk,020 8340 9745,ChIJN-LCGcMbdkgRwPgyl1BKenA,5.0,246,"MPIANA, Ange Kitambala",16868278,0,1,50,1737187200,,,,,B,45,2026-08-09T10:14:39.212900+00:00,
70,2,SW1 Dental Studio,Cosmetic dentistry / implant clinics,,,"41-43 Great Peter St, London, SW1P 3LT",http://www.sw1dentalstudio.co.uk/,sw1dentalstudio.co.uk,020 7222 3002,ChIJm_FuK8MEdkgRuqZqGdVljMs,4.9,315,"PRASAD, Deepa, Dr",09467042,0,1,3,1755414000,,,,,B,45,2026-08-09T10:14:39.213054+00:00,
71,2,Prem Dent - Your Dental and Beauty Clinic in London - SE1,Cosmetic dentistry / implant clinics,,,"42A Harper Rd, London, SE1 6AD",https://prem-dent.com/,prem-dent.com,020 7207 8567,ChIJ-yt-G2sddkgRZT_yLmpb72o,4.8,449,"KING, Antoinette",10415758,0,1,50,1754031600,,,,,B,45,2026-08-09T10:14:39.213104+00:00,
73,2,Smile Hub Dental Group Ltd,Cosmetic dentistry / implant clinics,,,"8a Brushfield St, London, E1 6AN",https://smile-hub.co.uk/spitalfields-clinic/,smile-hub.co.uk,020 3859 7611,ChIJR1fqi3kddkgRCViMHaUctHE,4.9,305,"ALDRIDGE, Catherine Anne",17032044,0,1,1,,,,,,B,45,2026-08-09T10:14:39.213214+00:00,
74,2,Camden Dental Centre,Cosmetic dentistry / implant clinics,,,"77 Camden High St, London, NW1 7JL",http://www.camdendentalcentre.co.uk/,camdendentalcentre.co.uk,020 7380 0768,ChIJt01m-h8bdkgRXcItvq4G6KE,4.5,233,"SHEIKH, Hamza, Dr",13964280,0,1,50,1748847600,,,,,B,45,2026-08-09T10:14:39.213272+00:00,
76,2,Hermes London Dental Clinic,Cosmetic dentistry / implant clinics,,,"205 Vauxhall Bridge Rd, Pimlico, London, SW1V 1ER",https://hermeslondondentalclinic.com/,hermeslondondentalclinic.com,020 7233 7660,ChIJS7kCaeAEdkgRDXzHYmjXq_8,4.9,254,"CHOLIA, Prabjit Kaur",06447939,0,1,6,1781161200,,,,,B,45,2026-08-09T10:14:39.213390+00:00,
77,2,American Smile Dentists Chelsea,Cosmetic dentistry / implant clinics,,,"1st Floor, 18 Cadogan Gardens, London, SW3 2RP",https://www.americansmile.co.uk/?utm_source=google&utm_medium=maps,americansmile.co.uk,020 3973 9266,ChIJB7t6NDYFdkgRcvhuwuqlpPc,4.8,222,"BATTISTA, Eric",13377657,0,1,1,1779692400,,,,,B,45,2026-08-09T10:14:39.213441+00:00,
81,2,Smile Solutions,Cosmetic dentistry / implant clinics,,,"24 England's Ln, Belsize Park, London, NW3 4TG",http://www.smilesolutionslondon.co.uk/,smilesolutionslondon.co.uk,020 7449 1760,ChIJdZ9tf-0adkgRZN2KNA6hJuY,4.9,390,"NIKOOPOUR, Tara",04695190,0,1,50,1717484400,,,,,B,45,2026-08-09T10:14:39.213728+00:00,
83,2,Whites Dental Waterloo,Cosmetic dentistry / implant clinics,,,"172 Blackfriars Rd, London, SE1 8ER",https://www.whitesdental.co.uk/waterloo-blackfriars-rd/?utm_source=google&utm_medium=maps,whitesdental.co.uk,020 8616 0590,ChIJ35edIaUEdkgRR4DLUv50OtU,4.8,702,"KITCHEN, Malcolm Paul",15893409,0,1,1,,,,,,B,45,2026-08-09T10:14:39.213864+00:00,
85,2,Dentistry100,Cosmetic dentistry / implant clinics,,,"64-65 Long Ln, Barbican, London, EC1A 9EJ",http://www.dentistry100.co.uk/,dentistry100.co.uk,020 7638 7100,ChIJx30mCVQbdkgRsHR6iqF7qdw,4.9,213,,,0,1,50,1713164400,,,,,B,45,2026-08-09T10:14:39.214024+00:00,
87,2,Dental Care London,Cosmetic dentistry / implant clinics,,,"18 St Mary's Grove, Richmond, TW9 1UY",https://www.dentalcarelondon.co.uk/,dentalcarelondon.co.uk,020 3538 9449,ChIJsa1_mi8MdkgRqiXZ_Ri8E9U,4.8,284,"MAAN, Swati, Dr",09084437,0,1,50,1704009600,,,,,B,45,2026-08-09T10:14:39.214164+00:00,
88,2,Mint Dental Centre,Cosmetic dentistry / implant clinics,,,"41 Clapham Rd, London, SW9 0JD",https://www.mintdentalcentre.com/,mintdentalcentre.com,020 7587 0100,ChIJ7_WF9YwEdkgR93_63S00NPE,4.3,931,"CHANDRAN, Kannan Saleem Raja",07049431,0,1,51,1763625600,,,,,B,45,2026-08-09T10:14:39.214238+00:00,
92,2,"Angel Smile Dental- Private Dentist in Angel, Islington",Cosmetic dentistry / implant clinics,,,"41 Islington High St, London, N1 9LH",http://www.angelsmile.co.uk/,angelsmile.co.uk,020 7837 3938,ChIJDfYKKUMbdkgR3wcqGtTwca8,4.7,234,"ANGEL, Anne",05533927,0,1,7,1780556400,,,,,B,45,2026-08-09T10:14:39.214539+00:00,
97,2,Beresford Dental Clinic,Cosmetic dentistry / implant clinics,,,"2 Lower Grosvenor Pl, London, SW1W 0EJ",https://www.beresforddentalclinic.co.uk/,beresforddentalclinic.co.uk,020 7821 9411,ChIJG5zgIiEFdkgRi5XGIX1xr5M,4.9,220,"BERESFORD, Alexander Paul, Sir",06878292,0,1,50,1751871600,,,,,B,45,2026-08-09T10:14:39.214869+00:00,
98,2,Sardinia House Dental Practice,Cosmetic dentistry / implant clinics,,,"4th Floor, 52 Sardinia St, London, WC2A 3LZ",https://www.sardiniadental.com/?utm_source=local&utm_medium=organic&utm_content=gmb,sardiniadental.com,020 7404 8600,ChIJvdesrMoEdkgR4hyiWtRFNPQ,4.9,375,"JILKA, Amit Rajnikant, Dr",06880308,0,1,5,1756450800,,,,,B,45,2026-08-09T10:14:39.214918+00:00,
99,2,Centre Point Dental,Cosmetic dentistry / implant clinics,,,"Flat 4, 132 Charing Cross Rd, London, WC2H 0LA",http://www.centrepointdental.co.uk/,centrepointdental.co.uk,020 7836 9259,ChIJpU7tUS0bdkgRnG30smcCdCI,4.8,224,"YOUNAS, Faiz Ali",14422124,0,1,50,1737187200,,,,,B,45,2026-08-09T10:14:39.214964+00:00,
11,2,Dental Art Implant Clinic - Balham,Cosmetic dentistry / implant clinics,,,"143-145 Balham Hill, London, SW12 9DL",https://www.dentalartimplantclinic.co.uk/,dentalartimplantclinic.co.uk,020 3322 3218,ChIJdT8WDYkFdkgRhe1mYmYKhpA,4.8,190,"ANDRIJEVSKIS, Sergejs",08459947,0,1,1,,,,,,B,44,2026-08-09T10:14:39.209768+00:00,
31,2,Smart Dental and Aesthetic Clinic,Cosmetic dentistry / implant clinics,,,"81 York St, London, W1H 1QH",https://www.smartdentalclinic.co.uk/,smartdentalclinic.co.uk,020 3576 2581,ChIJPyk76NobdkgR2gpvDwHdkcw,4.9,183,"AHMADIANI, Sahar, Dr",14927279,0,1,50,1753081200,,,,,B,44,2026-08-09T10:14:39.210835+00:00,
46,2,London Smiling Dentist,Cosmetic dentistry / implant clinics,,,"Dental Surgery, 62A Goodge St, London, W1T 4NE",https://londonsmiling.com/,londonsmiling.com,020 7636 7616,ChIJSaYRwSsbdkgRAa6oZ1Az5kk,4.7,192,"MOOSAJEE, Alif",09166020,0,1,50,1745996400,,,,,B,44,2026-08-09T10:14:39.211710+00:00,
56,2,The Kensington Clinic,Cosmetic dentistry / implant clinics,,,"6 Russell Gardens, London, W14 8EZ",https://tkcdental.co.uk/?utm_campaign=gmb,tkcdental.co.uk,020 4634 7995,ChIJsetr4ekPdkgRxLIROPY9guc,4.9,182,"COOMBES, Darryl Michael",06996071,0,1,50,1720422000,,,,,B,44,2026-08-09T10:14:39.212270+00:00,
96,2,Holford Partners Curaden Dental Clinic,Cosmetic dentistry / implant clinics,,,"73 New Bond St, London, W1S 1RS",https://www.holfordcuraden.com/,holfordcuraden.com,020 7499 9806,ChIJfw0Cl9QadkgRDaW7Z4GjJuU,4.9,180,"NIEDEN, Clifford Zur",08914441,0,1,1,,,,,,B,44,2026-08-09T10:14:39.214801+00:00,
50,2,Forma Smile & Beauty Dental Clinic,Cosmetic dentistry / implant clinics,,,"65 London Wall, London, EC2M 5TU",https://forma.co.uk/,forma.co.uk,020 7436 9672,ChIJv18AV9EadkgRrSFxRqB2agI,4.9,168,,14981335,0,1,50,1746342000,,,,,B,43,2026-08-09T10:14:39.211959+00:00,
53,2,Forma Smile & Beauty Dental Clinic,Cosmetic dentistry / implant clinics,,,"65 London Wall, London, EC2M 5TU",https://forma.co.uk/,forma.co.uk,020 7436 9672,ChIJv18AV9EadkgRrSFxRqB2agI,4.9,168,,14981335,0,1,50,1746342000,,,,,B,43,2026-08-09T10:14:39.212119+00:00,
72,2,Image Dental Clinic | Fitzrovia,Cosmetic dentistry / implant clinics,,,"21 Foley St, London, W1W 6DR",http://www.imagedentalclinic.co.uk/,imagedentalclinic.co.uk,020 7580 5339,ChIJU6ZpECobdkgR3FpQvf-ZIEE,4.9,172,"RAJABZADEH, Amitis",07333186,0,1,1,,,,,,B,43,2026-08-09T10:14:39.213158+00:00,
102,2,Montagu Dental,Cosmetic dentistry / implant clinics,,,"47 Montagu Mansions, Baker St, London, W1U 6LD",http://www.montagudental.com/,montagudental.com,020 7935 3016,ChIJJxuhHswadkgRJ5CzfNfykwM,4.9,176,"DAWOOD, Andrew Joseph Stanley",16034639,0,1,4,1780038000,,,,,B,43,2026-08-09T10:14:39.215103+00:00,
15,2,"London Periodontics, Implants and Dentistry",Cosmetic dentistry / implant clinics,,,"2nd floor, Surgery, 19 Wimpole St, London W1G 8GE",https://londonpid.co.uk/?utm_source=gmb&utm_medium=organic&utm_campaign=seo_campaign,londonpid.co.uk,020 7563 9989,ChIJ2__d6dMadkgRjB3M3ZArW5A,4.9,142,"BRUCE, Kevin",SC361424,0,1,51,1757746800,,,,,B,42,2026-08-09T10:14:39.210106+00:00,
21,2,Implant + Perio Clinic,Cosmetic dentistry / implant clinics,,,"57 Portland Pl, London, W1B 1QN",https://implantperio.net/?utm_source=google&utm_medium=organic&utm_campaign=gbp,implantperio.net,020 7636 1711,ChIJWwMBudYadkgREv5w2Dri0ag,5.0,148,"LIM, Yeowchong",10516807,0,1,44,1760079600,,,,,B,42,2026-08-09T10:14:39.210375+00:00,
22,2,London Specialist Dentists,Cosmetic dentistry / implant clinics,,,"Unit A, 4th Floor, 193-195 Brompton Rd, London, SW3 1NE",https://londonspecialistdentist.co.uk/,londonspecialistdentist.co.uk,020 7207 5222,ChIJ3-Xw5FcFdkgRnvSWBDebUqk,4.9,145,"KNOWLES, Stephen",03819721,0,1,50,1734076800,,,,,B,42,2026-08-09T10:14:39.210413+00:00,
45,2,Swedish Smile Clinic,Cosmetic dentistry / implant clinics,,,"35 Devonshire Pl, London, W1G 6JP",http://www.swedishsmileclinic.co.uk/,swedishsmileclinic.co.uk,020 7486 1010,ChIJP-2OpNEadkgRJJCKOpZL32Y,4.8,147,"HASSAN, Haidar, Dr",08103860,0,1,50,1768550400,,,,,B,42,2026-08-09T10:14:39.211636+00:00,
55,2,The Knightsbridge Clinic,Cosmetic dentistry / implant clinics,,,"21 Knightsbridge, London, SW1X 7LY",https://tkcdental.co.uk/,tkcdental.co.uk,020 4634 4527,ChIJz6ejXpMFdkgRD6_kyo8xZUo,4.9,145,"PASCOE, Kim",08707557,0,1,50,1754550000,,,,,B,42,2026-08-09T10:14:39.212223+00:00,
105,2,Freshdental Clinic and Institute by Monik Vasant,Cosmetic dentistry / implant clinics,,,"46 Craven Rd, London, W2 3QA",https://www.freshdental.co.uk/?utm_campaign=gmb,freshdental.co.uk,020 7837 5523,ChIJbfrT3W8FdkgR5NDZjmHvz_M,4.9,150,"VASANT, Monik Mukundrai",10452170,0,1,7,1715151600,,,,,B,42,2026-08-09T10:14:39.215259+00:00,
89,2,London City Dentists,Cosmetic dentistry / implant clinics,,,"1 King William St, London, EC4N 7AR",https://www.londoncitydentists.com/,londoncitydentists.com,020 7488 4445,ChIJA37AaEwDdkgRMv4yxIVlM50,5.0,130,"HOLNESS, Wayne Andrew",17364347,0,1,50,1744354800,,,,,B,41,2026-08-09T10:14:39.214299+00:00,
90,2,Museum Dental Suites,Cosmetic dentistry / implant clinics,,,"70 Great Russell St, London, WC1B 3BN",http://www.museumdentalsuites.co.uk/,museumdentalsuites.co.uk,020 7183 0886,ChIJj39pkzMbdkgRt2VAZdzwqlQ,4.8,132,"SHAKIR, Abdulwahab Raad, Dr",13162658,0,1,4,1754636400,,,,,B,41,2026-08-09T10:14:39.214364+00:00,
14,2,Life Dental Implants (by Dr Azhar Sheikh),Cosmetic dentistry / implant clinics,,,"27-29 Warwick Wy, Pimlico, London, SW1V 1QT",https://lifedentalimplants.co.uk/?utm_source=gbm&utm_medium=post&utm_campaign=main,lifedentalimplants.co.uk,020 8068 2034,ChIJp5D3POAEdkgRgammQCsgNXk,4.9,107,"DAGUERRE, Christina Margarita",09737522,0,1,9,1779174000,,,,,B,40,2026-08-09T10:14:39.210069+00:00,
29,2,The Welbeck Clinic,Cosmetic dentistry / implant clinics,,,"20 Welbeck St, London, W1G 8ED",https://www.thewelbeckclinic.co.uk/,thewelbeckclinic.co.uk,020 7486 8100,ChIJy7jIrtMadkgRaFD-fZCzwrs,4.8,104,"ILATY, Rogieh, Dr",16060454,0,1,50,1708588800,,,,,B,40,2026-08-09T10:14:39.210755+00:00,
58,2,Bespoke Smile London,Cosmetic dentistry / implant clinics,,,"2 Upper Wimpole St, London, W1G 6LD",https://bespokesmile.co.uk/,bespokesmile.co.uk,01628 488538,ChIJU_wUe9EadkgR1QMtY2lfqD8,5.0,112,"SHAH, Savan Kalpesh",14024501,0,1,50,1752562800,,,,,B,40,2026-08-09T10:14:39.212368+00:00,
93,2,"Blanche Smile Studio - General, Implant & Cosmetic Dentistry W1G 7BY",Cosmetic dentistry / implant clinics,,,"33 Weymouth St, London, W1G 7BY",https://www.blanchesmilestudio.co.uk/,blanchesmilestudio.co.uk,020 7580 4808,ChIJze1UpdYadkgR9WpEKzRbk1o,5.0,105,"KAUS, Thomas, Dr",08750842,0,1,1,,,,,,B,40,2026-08-09T10:14:39.214585+00:00,
94,2,Mansion House Dental Practice,Cosmetic dentistry / implant clinics,,,"1st Floor, ALBERT BUILDINGS, Rooms 4-6, 49 Queen Victoria St, London EC4N 4SA",https://www.mansionhousedental.co.uk/?utm_source=google&utm_medium=organic&utm_campaign=gmb-listing,mansionhousedental.co.uk,020 7248 2713,ChIJ__-_eFQDdkgRc_dLJk8mNW4,4.9,117,"ABBASI, Qasim Jamil, Dr",08696430,0,1,10,1765440000,,,,,B,40,2026-08-09T10:14:39.214688+00:00,
28,2,Norton Implants - Dental Implants Specialist,Cosmetic dentistry / implant clinics,,,"104 Harley St, London, W1G 7JD",https://nortonimplants.com/,nortonimplants.com,020 7486 9229,ChIJxaT_RtEadkgRqb18EuR9kNc,4.9,97,"NORTON, Michael Robert, Dr",07193336,0,1,1,,,,,,B,39,2026-08-09T10:14:39.210722+00:00,
49,2,Dr Diogo Silveira. Dental Implant Clinic in Battersea,Cosmetic dentistry / implant clinics,,,"Ste 8, Cloisters House, 8 Battersea Park Rd, Nine Elms, London SW8 4BG",http://www.profacedental.co.uk/,profacedental.co.uk,07858 568700,ChIJr6euZNQadkgRBrX5kroXiyE,5.0,94,"KHALIQ, Ihsan, Dr",08058803,0,1,1,,,,,,B,39,2026-08-09T10:14:39.211897+00:00,
52,2,Angel Dental Implant Centre,Cosmetic dentistry / implant clinics,,,"92 Chamberlayne Rd, London, NW10 3JL",https://www.angel-implants-centre.co.uk/,angel-implants-centre.co.uk,020 8969 3560,ChIJhyzBJzkQdkgRLYnI8DwZGrI,4.7,82,"FARIDRAD, Mohammad Reza, Dr",05959580,0,1,4,1757314800,,,,,B,39,2026-08-09T10:14:39.212068+00:00,
75,2,Wimpole Dental Office,Cosmetic dentistry / implant clinics,,,"Ground Floor, 20 Wimpole St, London, W1G 8GF",https://www.wimpoledentaloffice.com/,wimpoledentaloffice.com,020 7183 1906,ChIJr0-ml9MadkgRVQ3uIlMBmxE,4.7,96,"MEHL, Christian Johannes, Dr",12289374,0,1,1,1755846000,,,,,B,39,2026-08-09T10:14:39.213324+00:00,
95,2,Riverside Dental Spa,Cosmetic dentistry / implant clinics,,,"5B, Hamilton House, St George Wharf, London SW8 2LE",http://www.riversidedentalspa.com/,riversidedentalspa.com,020 7091 0677,ChIJ43oQTLIEdkgRMTsMt8TUEVc,4.6,98,"KHADE, Neha, Dr",16758399,0,1,24,1757055600,,,,,B,39,2026-08-09T10:14:39.214741+00:00,
101,2,Devonshire Place Dental Centre,Cosmetic dentistry / implant clinics,,,"1 Devonshire Pl, London, W1G 6HH",https://www.bupa.co.uk/dental/dental-care/practices/platinum-devonshire-dental-centre?y_source=1_MTE2NzAwNDItNzE1LWxvY2F0aW9uLndlYnNpdGU%3D,bupa.co.uk,020 7935 9905,ChIJg65CC9EadkgRm5N28fijj2k,4.7,95,"SHEIKH, Hamza, Dr",13964280,0,1,1,1757401200,,,,,B,39,2026-08-09T10:14:39.215055+00:00,
8,2,London Centre for Implant and Aesthetic Dentistry (LCIAD) by Dr Koray Feran,Cosmetic dentistry / implant clinics,,,"for Implant & Aesthetic Dentistry, LCIAD - The London Centre, 28 Wimpole St, London W1G 8GW",http://www.lciad.co.uk/,lciad.co.uk,020 7323 3041,ChIJkyQDwNMadkgR0wpa9J5IE4I,4.8,62,"ALI, Tariq",SC429655,0,1,1,1773212400,,,,,B,38,2026-08-09T10:14:39.209559+00:00,
33,2,Dr Richard Clinics London - Wimpole St Dentist,Cosmetic dentistry / implant clinics,,,"18 Wimpole St, London, W1G 8GD",https://www.doctorrichardlondon.com/?utm_source=GMB&utm_medium=Organic&utm_campaign=GMB_Listing,doctorrichardlondon.com,020 7637 1672,ChIJh349l9MadkgRe1uzXZSsmYs,4.9,71,"MCINALLY, James",SC643327,0,1,12,1754636400,,,,,B,38,2026-08-09T10:14:39.210912+00:00,
38,2,Dental-Spa,Cosmetic dentistry / implant clinics,,,"83 Charlotte St., London, W1T 4PR",https://www.dentalspalondon.co.uk/,dentalspalondon.co.uk,020 7631 3199,ChIJMZBXYCkbdkgRI15viaH_9uc,4.8,60,"GIBB, Nicholas James Robert",08863667,0,1,50,1751871600,,,,,B,38,2026-08-09T10:14:39.211257+00:00,
63,2,Dr Sara Amini- City of London Dental Care,Cosmetic dentistry / implant clinics,,,"1 King William St, London, EC4N 7AR",https://drsaraamini.co.uk/,drsaraamini.co.uk,020 8226 0129,ChIJ0cqGXOsbdkgR-pdbAC2SPsE,4.9,75,"BROWN, George Nana Kwamena, Dr",08551711,0,1,1,,,,,,B,38,2026-08-09T10:14:39.212685+00:00,
64,2,The London Centre for Prosthodontics,Cosmetic dentistry / implant clinics,,,"29 Weymouth St, London, W1G 7DB",https://www.londonprosthodontics.co.uk/,londonprosthodontics.co.uk,020 7637 4518,ChIJ7X0XrdYadkgRpifybUOGovI,5.0,75,"SHAH, Kavit, Dr",08096045,0,1,50,1731398400,,,,,B,38,2026-08-09T10:14:39.212734+00:00,
68,2,KC Dental Clinic london,Cosmetic dentistry / implant clinics,,,"337 Walworth Rd, London, SE17 2AL",http://www.kcdentalclinic.co.uk/,kcdentalclinic.co.uk,07399 318257,ChIJbzAolPYFdkgRejiuZZgkvjk,4.9,71,"AHUJA, Prakash Mohan, Dr",10777006,0,1,26,1754463600,,,,,B,38,2026-08-09T10:14:39.212956+00:00,
79,2,Wimpole Street Smiles - Dr Amir Ataei Kachooei,Cosmetic dentistry / implant clinics,,,"Ground Floor, 20 Wimpole St, London, W1G 8GF",http://www.wimpolestreetsmiles.com/,wimpolestreetsmiles.com,,ChIJl4ugW40bdkgRWg1FvPGiMs4,4.9,74,"ATAEI KACHOOEI, Amir Mohammad, Dr",15864415,0,1,1,,,,,,B,38,2026-08-09T10:14:39.213547+00:00,
80,2,75 Harley Street Dental Practice,Cosmetic dentistry / implant clinics,,,"75 Harley St, London, W1G 8QL",https://www.75harleystreet.co.uk/?utm_source=google&utm_medium=organic&utm_campaign=gmbwebsite,75harleystreet.co.uk,020 7935 3914,ChIJ_8Gn-9MadkgRYG2nylOZd9g,4.8,74,"QURESHI, Awais, Dr",14145621,0,1,2,1773212400,,,,,B,38,2026-08-09T10:14:39.213619+00:00,
84,2,B Dental Clinics,Cosmetic dentistry / implant clinics,,,"1 King William St, London, EC4N 7AR",http://www.bdentalclinics.com/,bdentalclinics.com,020 7458 4589,ChIJRRJVSEYDdkgRuI-XgfuDk1M,4.9,66,"HOLLAMBY, Elizabeth Joan",13867893,0,1,50,1712818800,,,,,B,38,2026-08-09T10:14:39.213948+00:00,
86,2,Lister House Dental & Specialist Centre,Cosmetic dentistry / implant clinics,,,"Flat 1, 11-12 Wimpole St, London, W1G 9ST",https://www.bupa.co.uk/dental/dental-care/practices/platinum-lister-house-endodontic-and-restorative-dental-centre?y_source=1_MTE2Njk4NDAtNzE1LWxvY2F0aW9uLndlYnNpdGU%3D,bupa.co.uk,020 7636 7900,ChIJw0xU1b8bdkgRAUCWfj4UW0A,4.9,72,"SHRESTHA, Anil, Dr",07876160,0,1,12,1759820400,,,,,B,38,2026-08-09T10:14:39.214090+00:00,
91,2,This Is It Dental Clinic,Cosmetic dentistry / implant clinics,,,"99 Harley St, London, W1G 6AQ",https://www.thisisitdental.com/,thisisitdental.com,020 7486 5180,ChIJia_zRNEadkgRUwBAHe4tUio,4.9,61,"JAIN, Mohit",17001829,0,1,50,1715670000,,,,,B,38,2026-08-09T10:14:39.214466+00:00,
103,2,Boston House Dental Clinic,Cosmetic dentistry / implant clinics,,,"82 London Wall, London, EC2M 5ND",http://www.bhddc.com/,bhddc.com,020 7628 4869,ChIJ7Wz3FK0cdkgRpql4WdhzErk,4.8,73,"BARKHORDAR, Ahmad, Dr",12669803,0,1,16,1771142400,,,,,B,38,2026-08-09T10:14:39.215152+00:00,
104,2,W1 Dental,Cosmetic dentistry / implant clinics,,,"22 Wimpole St, London, W1G 8GQ",http://www.w1dental.co.uk/,w1dental.co.uk,020 7580 8988,ChIJ-bBqltMadkgR5irmZNmr37E,4.8,62,"NEWBOLD, Simon",05639161,0,1,50,1711522800,,,,,B,38,2026-08-09T10:14:39.215200+00:00,
44,2,Implantcenter Dentistry,Cosmetic dentistry / implant clinics,,,"71 Gray's Inn Rd, London, WC1X 8TR",https://www.implantcenter-dentistry.co.uk/,implantcenter-dentistry.co.uk,020 3411 9910,ChIJeSzzAEkbdkgRd7o-Y4odPZQ,4.6,41,"ABBAS, Asad",14017700,0,1,51,1753772400,,,,,B,37,2026-08-09T10:14:39.211556+00:00,
57,2,Levitas Dental Clinic London (Formerly known as The Mews Dental),Cosmetic dentistry / implant clinics,,,"20-21 Woodstock St, London, W1C 2AN",https://levitasdentalclinic.com/?utm_source=local&utm_medium=organic&utm_content=gmb,levitasdentalclinic.com,0330 043 0255,ChIJhdBBQbYFdkgR9nqu0yd4u0A,5.0,51,"KAPOOR, Ashish, Dr",15250541,0,1,1,,,,,,B,37,2026-08-09T10:14:39.212320+00:00,
100,2,Teeth@W1,Cosmetic dentistry / implant clinics,,,"7 S Molton St, London, W1K 5QG",https://www.w1teeth.com/,w1teeth.com,020 7499 7015,ChIJK9NmmSwFdkgRqTnzA-1zMa0,5.0,58,,,0,1,50,1718694000,,,,,B,37,2026-08-09T10:14:39.215009+00:00,
5,2,Dr Jung Cosmetic and Implant Dentistry,Cosmetic dentistry / implant clinics,,,"71 Marchmont St, London, WC1N 1RE",https://www.drjung.co.uk/,drjung.co.uk,020 4538 6889,ChIJFxj-dFIbdkgROiqjSNMadFE,5.0,25,"KHAN, Farah Naz, Dr",08629733,0,1,50,1749798000,,,,,B,36,2026-08-09T10:14:39.209385+00:00,
17,2,The Harley Street Implant Centre,Cosmetic dentistry / implant clinics,,,"46 Harley St, London, W1G 9PT",https://harleystreetimplantcentre.co.uk/?utm_source=gmb&utm_medium=organic&utm_campaign=profile,harleystreetimplantcentre.co.uk,020 4553 5441,ChIJh5AIFQIbdkgRuVX7tj4Parw,5.0,38,"JAMES, Anthony Mark",14907602,0,1,50,1752217200,,,,,B,36,2026-08-09T10:14:39.210205+00:00,
18,2,The Dental Implant Group,Cosmetic dentistry / implant clinics,,,"84 Wilton Rd, Pimlico, London, SW1V 1DL",https://dentalimplantgroup.co.uk/?utm_source=gbm&utm_medium=post&utm_campaign=main,dentalimplantgroup.co.uk,020 8178 9858,ChIJ11lFPOAEdkgRAtguQMygXq0,4.9,29,"HUSSAIN, Ibrahim",08149877,0,1,50,1733040000,,,,,B,36,2026-08-09T10:14:39.210247+00:00,
42,2,TDC (Total Dentalcare) Implant Centre Harley Street,Cosmetic dentistry / implant clinics,,,"77 Harley St, London, W1G 8QN",https://www.smileinaday.co.uk/?y_source=1_MTAwNzA5NTQ1OC03MTUtbG9jYXRpb24ud2Vic2l0ZQ%3D%3D,smileinaday.co.uk,0800 012 2086,ChIJ0-pw-9MadkgRsyKb6eUuG7I,4.4,30,"JAMES, Anthony Mark",14907602,0,1,1,,,,,,B,36,2026-08-09T10:14:39.211455+00:00,
65,2,London College of Oral Implantology (LCOI),Cosmetic dentistry / implant clinics,,,"70 Great Russell St, London, WC1B 3BN",https://lcoi.org.uk/,lcoi.org.uk,0800 048 7071,ChIJn-aQDuUDdkgRhZUneP-CN3c,5.0,35,"PARSNO, Sam",11563787,0,1,13,1764835200,,,,,B,36,2026-08-09T10:14:39.212804+00:00,
82,2,Ace Dental London,Cosmetic dentistry / implant clinics,,,"Lister House, 11-12 Wimpole St, London, W1G 9ST",https://www.acedentallondon.co.uk/?utm_source=google&utm_medium=organic&utm_campaign=gmb-listing,acedentallondon.co.uk,0808 175 0945,ChIJIWipd9MadkgRQgOY6FggMEw,4.6,34,"CHOPRA, Rishi",12729840,0,1,49,1754377200,,,,,B,36,2026-08-09T10:14:39.213791+00:00,
41,2,WestCity Dental Implant Clinic,Cosmetic dentistry / implant clinics,,,"381 Harrow Rd, Maida Hill, London, W9 3NA",https://westcitydental.co.uk/,westcitydental.co.uk,020 3916 5643,ChIJ8dMU-6MRdkgRPee7FNCIk1Y,5.0,14,"KHALIQ, Ihsan, Dr",08058803,0,1,48,1736668800,,,,,B,35,2026-08-09T10:14:39.211411+00:00,
69,2,5 days implant system,Cosmetic dentistry / implant clinics,,,"173 Kentish Town Rd, London, NW1 8PD",https://www.tibordental.co.uk/,tibordental.co.uk,020 7993 4157,ChIJ1ZHop3MFdkgR0k0J8W1ABOU,4.9,11,,BR008484,0,1,50,1601276400,,,,,B,35,2026-08-09T10:14:39.213009+00:00,
